[{"id":1,"to":{"email":"user@app.com","name":"App User"},"from":{"email":"egilley0@hc360.com","name":"Elwyn Gilley"},"received":"2021-07-19T06:04:07Z","subject":"Gruffalo, The","content":"Vestibulum rutrum rutrum neque. Aenean auctor gravida sem. Praesent id massa id nisl venenatis lacinia. Aenean sit amet justo.","mailbox":"trash"},
{"id":2,"to":{"email":"user@app.com","name":"App User"},"from":{"email":"gebbing1@google.com.hk","name":"Garvy Ebbing"},"received":"2021-02-23T11:51:26Z","subject":"Lawless Street, A (Marshal of Medicine Bend)","content":"Nullam porttitor lacus at turpis. Donec posuere metus vitae ipsum. Aliquam non mauris. Morbi non lectus. Aliquam sit amet diam in magna bibendum imperdiet. Nullam orci pede, venenatis non, sodales sed, tincidunt eu, felis. Fusce posuere felis sed lacus. Morbi sem mauris, laoreet ut, rhoncus aliquet, pulvinar sed, nisl. Nunc rhoncus dui vel sem. Sed sagittis.","mailbox":"trash"},
{"id":3,"to":{"email":"user@app.com","name":"App User"},"from":{"email":"ktrenholm2@pbs.org","name":"Kendrick Trenholm"},"received":"2021-05-27T01:11:13Z","subject":"The Trap","content":"Nulla neque libero, convallis eget, eleifend luctus, ultricies eu, nibh.","mailbox":"inbox"},
{"id":4,"to":{"email":"user@app.com","name":"App User"},"from":{"email":"kespin3@house.gov","name":"Kare Espin"},"received":"2020-11-28T01:56:28Z","subject":"Human Centipede II (Full Sequence), The","content":"Nullam molestie nibh in lectus. Pellentesque at nulla. Suspendisse potenti. Cras in purus eu magna vulputate luctus.","mailbox":"trash"},
{"id":5,"to":{"email":"user@app.com","name":"App User"},"from":{"email":"kmaudling4@state.gov","name":"Katine Maudling"},"received":"2021-04-18T20:11:03Z","subject":"Dog of Flanders, A","content":"Fusce consequat. Nulla nisl. Nunc nisl. Duis bibendum, felis sed interdum venenatis, turpis enim blandit mi, in porttitor pede justo eu massa. Donec dapibus. Duis at velit eu est congue elementum. In hac habitasse platea dictumst. Morbi vestibulum, velit id pretium iaculis, diam erat fermentum justo, nec condimentum neque sapien placerat ante.","mailbox":"trash"},
{"id":6,"to":{"email":"user@app.com","name":"App User"},"from":{"email":"fdyster5@reddit.com","name":"Fairlie Dyster"},"received":"2021-01-01T04:32:06Z","subject":"Riot on Sunset Strip","content":"Nam dui. Proin leo odio, porttitor id, consequat in, consequat ut, nulla. Sed accumsan felis. Ut at dolor quis odio consequat varius. Integer ac leo. Pellentesque ultrices mattis odio.","mailbox":"inbox"},
{"id":7,"to":{"email":"user@app.com","name":"App User"},"from":{"email":"agraalman6@theatlantic.com","name":"Arturo Graalman"},"received":"2021-06-22T07:12:16Z","subject":"LEGO Batman: The Movie - DC Heroes Unite","content":"Duis mattis egestas metus. Aenean fermentum. Donec ut mauris eget massa tempor convallis. Nulla neque libero, convallis eget, eleifend luctus, ultricies eu, nibh. Quisque id justo sit amet sapien dignissim vestibulum. Vestibulum ante ipsum primis in faucibus orci luctus et ultrices posuere cubilia Curae; Nulla dapibus dolor vel est. Donec odio justo, sollicitudin ut, suscipit a, feugiat et, eros.","mailbox":"trash"},
{"id":8,"to":{"email":"user@app.com","name":"App User"},"from":{"email":"lrobertson7@eventbrite.com","name":"Lorenza Robertson"},"received":"2021-08-01T17:24:50Z","subject":"Temptress, The","content":"Aliquam augue quam, sollicitudin vitae, consectetuer eget, rutrum at, lorem. Integer tincidunt ante vel ipsum.","mailbox":"trash"},
{"id":9,"to":{"email":"user@app.com","name":"App User"},"from":{"email":"esherington8@admin.ch","name":"Emmi Sherington"},"received":"2021-04-18T11:38:41Z","subject":"Mickey's Once Upon a Christmas","content":"Suspendisse potenti. Cras in purus eu magna vulputate luctus. Cum sociis natoque penatibus et magnis dis parturient montes, nascetur ridiculus mus. Vivamus vestibulum sagittis sapien.","mailbox":"trash"},
{"id":10,"to":{"email":"user@app.com","name":"App User"},"from":{"email":"ibraemer9@vkontakte.ru","name":"Izzy Braemer"},"received":"2021-09-10T02:59:03Z","subject":"Charlie Wilson's War","content":"In est risus, auctor sed, tristique in, tempus sit amet, sem. Fusce consequat. Nulla nisl. Nunc nisl. Duis bibendum, felis sed interdum venenatis, turpis enim blandit mi, in porttitor pede justo eu massa. Donec dapibus.","mailbox":"inbox"},
{"id":11,"to":{"email":"user@app.com","name":"App User"},"from":{"email":"afeltona@zimbio.com","name":"Aliza Felton"},"received":"2021-10-17T00:18:56Z","subject":"Bengazi","content":"Nunc nisl. Duis bibendum, felis sed interdum venenatis, turpis enim blandit mi, in porttitor pede justo eu massa. Donec dapibus. Duis at velit eu est congue elementum. In hac habitasse platea dictumst. Morbi vestibulum, velit id pretium iaculis, diam erat fermentum justo, nec condimentum neque sapien placerat ante. Nulla justo. Aliquam quis turpis eget elit sodales scelerisque. Mauris sit amet eros.","mailbox":"inbox"},
{"id":12,"to":{"email":"user@app.com","name":"App User"},"from":{"email":"gburnipb@exblog.jp","name":"Gottfried Burnip"},"received":"2021-02-19T10:51:08Z","subject":"Price Check","content":"Curabitur in libero ut massa volutpat convallis. Morbi odio odio, elementum eu, interdum eu, tincidunt in, leo.","mailbox":"trash"},
{"id":13,"to":{"email":"user@app.com","name":"App User"},"from":{"email":"mbielfeldtc@joomla.org","name":"Major Bielfeldt"},"received":"2021-06-29T18:33:01Z","subject":"The Car","content":"Morbi vel lectus in quam fringilla rhoncus. Mauris enim leo, rhoncus sed, vestibulum sit amet, cursus id, turpis. Integer aliquet, massa id lobortis convallis, tortor risus dapibus augue, vel accumsan tellus nisi eu orci. Mauris lacinia sapien quis libero. Nullam sit amet turpis elementum ligula vehicula consequat. Morbi a ipsum.","mailbox":"trash"},
{"id":14,"to":{"email":"user@app.com","name":"App User"},"from":{"email":"abered@free.fr","name":"Arlen Bere"},"received":"2021-01-28T23:40:36Z","subject":"Calamari Union","content":"In eleifend quam a odio. In hac habitasse platea dictumst. Maecenas ut massa quis augue luctus tincidunt. Nulla mollis molestie lorem. Quisque ut erat. Curabitur gravida nisi at nibh. In hac habitasse platea dictumst. Aliquam augue quam, sollicitudin vitae, consectetuer eget, rutrum at, lorem.","mailbox":"trash"},
{"id":15,"to":{"email":"user@app.com","name":"App User"},"from":{"email":"aferrarottie@virginia.edu","name":"Audrey Ferrarotti"},"received":"2021-06-30T09:26:04Z","subject":"Hanging Tree, The","content":"Donec dapibus. Duis at velit eu est congue elementum. In hac habitasse platea dictumst. Morbi vestibulum, velit id pretium iaculis, diam erat fermentum justo, nec condimentum neque sapien placerat ante.","mailbox":"trash"},
{"id":16,"to":{"email":"user@app.com","name":"App User"},"from":{"email":"cjahnsf@uol.com.br","name":"Charlot Jahns"},"received":"2021-01-14T20:23:54Z","subject":"Over the Hedge","content":"Vivamus in felis eu sapien cursus vestibulum. Proin eu mi. Nulla ac enim. In tempor, turpis nec euismod scelerisque, quam turpis adipiscing lorem, vitae mattis nibh ligula nec sem.","mailbox":"inbox"},
{"id":17,"to":{"email":"user@app.com","name":"App User"},"from":{"email":"oarnoudg@yellowpages.com","name":"Ogdon Arnoud"},"received":"2020-11-27T11:02:23Z","subject":"Superhero Movie","content":"Phasellus in felis. Donec semper sapien a libero. Nam dui. Proin leo odio, porttitor id, consequat in, consequat ut, nulla.","mailbox":"trash"},
{"id":18,"to":{"email":"user@app.com","name":"App User"},"from":{"email":"ahupeh@google.nl","name":"Arlene Hupe"},"received":"2020-12-31T18:30:42Z","subject":"Not Another Not Another Movie","content":"Donec diam neque, vestibulum eget, vulputate ut, ultrices vel, augue. Vestibulum ante ipsum primis in faucibus orci luctus et ultrices posuere cubilia Curae; Donec pharetra, magna vestibulum aliquet ultrices, erat tortor sollicitudin mi, sit amet lobortis sapien sapien non mi. Integer ac neque. Duis bibendum. Morbi non quam nec dui luctus rutrum.","mailbox":"inbox"},
{"id":19,"to":{"email":"user@app.com","name":"App User"},"from":{"email":"ftrundlei@squarespace.com","name":"Fifi Trundle"},"received":"2020-12-31T12:17:09Z","subject":"Oath, The","content":"Quisque ut erat. Curabitur gravida nisi at nibh. In hac habitasse platea dictumst. Aliquam augue quam, sollicitudin vitae, consectetuer eget, rutrum at, lorem.","mailbox":"inbox"},
{"id":20,"to":{"email":"user@app.com","name":"App User"},"from":{"email":"alandrickj@guardian.co.uk","name":"Aubrette Landrick"},"received":"2021-08-02T21:26:18Z","subject":"Blind Date","content":"Integer aliquet, massa id lobortis convallis, tortor risus dapibus augue, vel accumsan tellus nisi eu orci. Mauris lacinia sapien quis libero. Nullam sit amet turpis elementum ligula vehicula consequat. Morbi a ipsum. Integer a nibh. In quis justo. Maecenas rhoncus aliquam lacus.","mailbox":"inbox"},
{"id":21,"to":{"email":"user@app.com","name":"App User"},"from":{"email":"ckimbleyk@homestead.com","name":"Cordula Kimbley"},"received":"2021-07-17T13:08:12Z","subject":"First Strike","content":"Phasellus id sapien in sapien iaculis congue. Vivamus metus arcu, adipiscing molestie, hendrerit at, vulputate vitae, nisl. Aenean lectus. Pellentesque eget nunc. Donec quis orci eget orci vehicula condimentum. Curabitur in libero ut massa volutpat convallis. Morbi odio odio, elementum eu, interdum eu, tincidunt in, leo. Maecenas pulvinar lobortis est. Phasellus sit amet erat. Nulla tempus.","mailbox":"inbox"},
{"id":22,"to":{"email":"user@app.com","name":"App User"},"from":{"email":"krufflesl@google.com.au","name":"Koral Ruffles"},"received":"2021-06-18T18:28:02Z","subject":"Mean Season, The","content":"Duis consequat dui nec nisi volutpat eleifend. Donec ut dolor. Morbi vel lectus in quam fringilla rhoncus. Mauris enim leo, rhoncus sed, vestibulum sit amet, cursus id, turpis. Integer aliquet, massa id lobortis convallis, tortor risus dapibus augue, vel accumsan tellus nisi eu orci. Mauris lacinia sapien quis libero. Nullam sit amet turpis elementum ligula vehicula consequat. Morbi a ipsum. Integer a nibh. In quis justo.","mailbox":"inbox"},
{"id":23,"to":{"email":"user@app.com","name":"App User"},"from":{"email":"vraisem@spotify.com","name":"Vickie Raise"},"received":"2020-11-29T08:07:40Z","subject":"Four Feathers, The","content":"Morbi quis tortor id nulla ultrices aliquet.","mailbox":"inbox"},
{"id":24,"to":{"email":"user@app.com","name":"App User"},"from":{"email":"lcannopn@usa.gov","name":"Lynde Cannop"},"received":"2021-04-30T18:08:46Z","subject":"Live and Let Die","content":"Duis mattis egestas metus. Aenean fermentum. Donec ut mauris eget massa tempor convallis.","mailbox":"inbox"},
{"id":25,"to":{"email":"user@app.com","name":"App User"},"from":{"email":"gwelberryo@mail.ru","name":"Georgetta Welberry"},"received":"2020-12-19T23:25:09Z","subject":"Final Cut","content":"In blandit ultrices enim. Lorem ipsum dolor sit amet, consectetuer adipiscing elit. Proin interdum mauris non ligula pellentesque ultrices. Phasellus id sapien in sapien iaculis congue. Vivamus metus arcu, adipiscing molestie, hendrerit at, vulputate vitae, nisl. Aenean lectus. Pellentesque eget nunc. Donec quis orci eget orci vehicula condimentum.","mailbox":"trash"},
{"id":26,"to":{"email":"user@app.com","name":"App User"},"from":{"email":"wkliemchenp@rakuten.co.jp","name":"Wendall Kliemchen"},"received":"2020-12-03T15:15:25Z","subject":"Shanghai Surprise","content":"Lorem ipsum dolor sit amet, consectetuer adipiscing elit. Proin risus.","mailbox":"trash"},
{"id":27,"to":{"email":"user@app.com","name":"App User"},"from":{"email":"rdeq@netscape.com","name":"Rube De Antoni"},"received":"2021-05-04T13:04:53Z","subject":"Ghoulies","content":"Vestibulum ante ipsum primis in faucibus orci luctus et ultrices posuere cubilia Curae; Donec pharetra, magna vestibulum aliquet ultrices, erat tortor sollicitudin mi, sit amet lobortis sapien sapien non mi. Integer ac neque. Duis bibendum. Morbi non quam nec dui luctus rutrum. Nulla tellus. In sagittis dui vel nisl. Duis ac nibh. Fusce lacus purus, aliquet at, feugiat non, pretium quis, lectus.","mailbox":"inbox"},
{"id":28,"to":{"email":"user@app.com","name":"App User"},"from":{"email":"cchaser@google.ca","name":"Carmina Chase"},"received":"2020-11-07T15:30:10Z","subject":"Antboy","content":"Maecenas rhoncus aliquam lacus. Morbi quis tortor id nulla ultrices aliquet. Maecenas leo odio, condimentum id, luctus nec, molestie sed, justo. Pellentesque viverra pede ac diam.","mailbox":"trash"},
{"id":29,"to":{"email":"user@app.com","name":"App User"},"from":{"email":"dhenriets@virginia.edu","name":"Daniel Henriet"},"received":"2021-06-19T11:10:40Z","subject":"Snowball Express","content":"In hac habitasse platea dictumst. Aliquam augue quam, sollicitudin vitae, consectetuer eget, rutrum at, lorem. Integer tincidunt ante vel ipsum. Praesent blandit lacinia erat. Vestibulum sed magna at nunc commodo placerat. Praesent blandit. Nam nulla.","mailbox":"trash"},
{"id":30,"to":{"email":"user@app.com","name":"App User"},"from":{"email":"lmaast@oakley.com","name":"Luella Maas"},"received":"2021-02-02T03:53:05Z","subject":"Narrow Margin, The","content":"Proin leo odio, porttitor id, consequat in, consequat ut, nulla. Sed accumsan felis. Ut at dolor quis odio consequat varius. Integer ac leo. Pellentesque ultrices mattis odio.","mailbox":"inbox"},
{"id":31,"to":{"email":"user@app.com","name":"App User"},"from":{"email":"fgauchieru@virginia.edu","name":"Filip Gauchier"},"received":"2021-09-27T06:17:32Z","subject":"When a Man Loves a Woman","content":"Praesent blandit. Nam nulla. Integer pede justo, lacinia eget, tincidunt eget, tempus vel, pede. Morbi porttitor lorem id ligula. Suspendisse ornare consequat lectus. In est risus, auctor sed, tristique in, tempus sit amet, sem. Fusce consequat.","mailbox":"trash"},
{"id":32,"to":{"email":"user@app.com","name":"App User"},"from":{"email":"athalmannv@huffingtonpost.com","name":"Adham Thalmann"},"received":"2021-07-03T14:25:37Z","subject":"The Beales of Grey Gardens","content":"Duis mattis egestas metus. Aenean fermentum. Donec ut mauris eget massa tempor convallis. Nulla neque libero, convallis eget, eleifend luctus, ultricies eu, nibh. Quisque id justo sit amet sapien dignissim vestibulum.","mailbox":"trash"},
{"id":33,"to":{"email":"user@app.com","name":"App User"},"from":{"email":"tmathiesonw@people.com.cn","name":"Tatiana Mathieson"},"received":"2021-10-05T15:56:35Z","subject":"American Winter","content":"Nullam sit amet turpis elementum ligula vehicula consequat. Morbi a ipsum. Integer a nibh.","mailbox":"trash"},
{"id":34,"to":{"email":"user@app.com","name":"App User"},"from":{"email":"gtejadax@cpanel.net","name":"Georgena Tejada"},"received":"2021-10-06T12:21:04Z","subject":"Delicate Delinquent, The","content":"Integer ac leo. Pellentesque ultrices mattis odio. Donec vitae nisi. Nam ultrices, libero non mattis pulvinar, nulla pede ullamcorper augue, a suscipit nulla elit ac nulla. Sed vel enim sit amet nunc viverra dapibus. Nulla suscipit ligula in lacus. Curabitur at ipsum ac tellus semper interdum. Mauris ullamcorper purus sit amet nulla. Quisque arcu libero, rutrum ac, lobortis vel, dapibus at, diam. Nam tristique tortor eu pede.","mailbox":"inbox"},
{"id":35,"to":{"email":"user@app.com","name":"App User"},"from":{"email":"kackrilly@hao123.com","name":"Kary Ackrill"},"received":"2021-07-12T23:00:22Z","subject":"Bad Boy (Story of Danny Lester, The)","content":"Pellentesque eget nunc. Donec quis orci eget orci vehicula condimentum. Curabitur in libero ut massa volutpat convallis. Morbi odio odio, elementum eu, interdum eu, tincidunt in, leo. Maecenas pulvinar lobortis est. Phasellus sit amet erat. Nulla tempus.","mailbox":"inbox"},
{"id":36,"to":{"email":"user@app.com","name":"App User"},"from":{"email":"rhollingsbeez@blogtalkradio.com","name":"Rafaelia Hollingsbee"},"received":"2021-06-07T00:13:01Z","subject":"The Wild World of Lydia Lunch","content":"Cum sociis natoque penatibus et magnis dis parturient montes, nascetur ridiculus mus. Etiam vel augue. Vestibulum rutrum rutrum neque. Aenean auctor gravida sem. Praesent id massa id nisl venenatis lacinia. Aenean sit amet justo.","mailbox":"inbox"},
{"id":37,"to":{"email":"user@app.com","name":"App User"},"from":{"email":"aeplett10@opera.com","name":"Alidia Eplett"},"received":"2021-05-25T21:46:04Z","subject":"Hellfighters","content":"Integer tincidunt ante vel ipsum. Praesent blandit lacinia erat. Vestibulum sed magna at nunc commodo placerat. Praesent blandit. Nam nulla. Integer pede justo, lacinia eget, tincidunt eget, tempus vel, pede. Morbi porttitor lorem id ligula. Suspendisse ornare consequat lectus.","mailbox":"inbox"},
{"id":38,"to":{"email":"user@app.com","name":"App User"},"from":{"email":"pcorradi11@wordpress.org","name":"Pepito Corradi"},"received":"2021-09-25T04:21:57Z","subject":"Cape No. 7 (Hái-kak chhit-ho)","content":"Nullam molestie nibh in lectus. Pellentesque at nulla. Suspendisse potenti. Cras in purus eu magna vulputate luctus. Cum sociis natoque penatibus et magnis dis parturient montes, nascetur ridiculus mus. Vivamus vestibulum sagittis sapien. Cum sociis natoque penatibus et magnis dis parturient montes, nascetur ridiculus mus.","mailbox":"trash"},
{"id":39,"to":{"email":"user@app.com","name":"App User"},"from":{"email":"mmucklow12@examiner.com","name":"Melita Mucklow"},"received":"2021-04-22T09:50:32Z","subject":"Dead Snow (Død snø)","content":"Maecenas pulvinar lobortis est. Phasellus sit amet erat.","mailbox":"inbox"},
{"id":40,"to":{"email":"user@app.com","name":"App User"},"from":{"email":"jtilsley13@shareasale.com","name":"Jessy Tilsley"},"received":"2021-05-13T13:45:06Z","subject":"28 Days","content":"Aenean sit amet justo. Morbi ut odio.","mailbox":"trash"},
{"id":41,"to":{"email":"user@app.com","name":"App User"},"from":{"email":"lsarsons14@yahoo.com","name":"Liana Sarsons"},"received":"2020-10-27T06:42:26Z","subject":"Star Wreck: In the Pirkinning","content":"Nam congue, risus semper porta volutpat, quam pede lobortis ligula, sit amet eleifend pede libero quis orci. Nullam molestie nibh in lectus. Pellentesque at nulla. Suspendisse potenti. Cras in purus eu magna vulputate luctus. Cum sociis natoque penatibus et magnis dis parturient montes, nascetur ridiculus mus.","mailbox":"inbox"},
{"id":42,"to":{"email":"user@app.com","name":"App User"},"from":{"email":"fsenner15@diigo.com","name":"Fairfax Senner"},"received":"2021-01-27T15:12:14Z","subject":"The Magnificent Gladiator","content":"Nullam varius.","mailbox":"inbox"},
{"id":43,"to":{"email":"user@app.com","name":"App User"},"from":{"email":"vbumphries16@hhs.gov","name":"Valery Bumphries"},"received":"2020-11-01T21:58:32Z","subject":"Home Song Stories, The","content":"Vestibulum quam sapien, varius ut, blandit non, interdum in, ante. Vestibulum ante ipsum primis in faucibus orci luctus et ultrices posuere cubilia Curae; Duis faucibus accumsan odio. Curabitur convallis. Duis consequat dui nec nisi volutpat eleifend. Donec ut dolor.","mailbox":"trash"},
{"id":44,"to":{"email":"user@app.com","name":"App User"},"from":{"email":"istollsteiner17@mysql.com","name":"Isabel Stollsteiner"},"received":"2020-12-10T15:06:21Z","subject":"Django, Kill... If You Live, Shoot! (Se sei vivo spara)","content":"Morbi non lectus. Aliquam sit amet diam in magna bibendum imperdiet. Nullam orci pede, venenatis non, sodales sed, tincidunt eu, felis. Fusce posuere felis sed lacus. Morbi sem mauris, laoreet ut, rhoncus aliquet, pulvinar sed, nisl. Nunc rhoncus dui vel sem. Sed sagittis.","mailbox":"trash"},
{"id":45,"to":{"email":"user@app.com","name":"App User"},"from":{"email":"zgreeno18@storify.com","name":"Zelda Greeno"},"received":"2021-09-26T02:46:15Z","subject":"Boys Life 4: Four Play","content":"Vestibulum rutrum rutrum neque. Aenean auctor gravida sem. Praesent id massa id nisl venenatis lacinia. Aenean sit amet justo. Morbi ut odio. Cras mi pede, malesuada in, imperdiet et, commodo vulputate, justo. In blandit ultrices enim. Lorem ipsum dolor sit amet, consectetuer adipiscing elit. Proin interdum mauris non ligula pellentesque ultrices. Phasellus id sapien in sapien iaculis congue.","mailbox":"inbox"},
{"id":46,"to":{"email":"user@app.com","name":"App User"},"from":{"email":"jmaine19@google.com.hk","name":"Jacklyn Maine"},"received":"2020-12-15T18:19:48Z","subject":"Dr. Jekyll and Ms. Hyde","content":"Curabitur in libero ut massa volutpat convallis. Morbi odio odio, elementum eu, interdum eu, tincidunt in, leo. Maecenas pulvinar lobortis est. Phasellus sit amet erat. Nulla tempus. Vivamus in felis eu sapien cursus vestibulum. Proin eu mi. Nulla ac enim. In tempor, turpis nec euismod scelerisque, quam turpis adipiscing lorem, vitae mattis nibh ligula nec sem. Duis aliquam convallis nunc.","mailbox":"trash"},
{"id":47,"to":{"email":"user@app.com","name":"App User"},"from":{"email":"kcrocetti1a@seesaa.net","name":"Kassie Crocetti"},"received":"2021-09-22T03:32:56Z","subject":"Wicker Man, The","content":"In hac habitasse platea dictumst. Morbi vestibulum, velit id pretium iaculis, diam erat fermentum justo, nec condimentum neque sapien placerat ante. Nulla justo. Aliquam quis turpis eget elit sodales scelerisque. Mauris sit amet eros.","mailbox":"inbox"},
{"id":48,"to":{"email":"user@app.com","name":"App User"},"from":{"email":"hkorb1b@dot.gov","name":"Hewie Korb"},"received":"2021-10-11T12:05:19Z","subject":"Gertrud","content":"Maecenas tincidunt lacus at velit.","mailbox":"inbox"},
{"id":49,"to":{"email":"user@app.com","name":"App User"},"from":{"email":"ashill1c@paginegialle.it","name":"Aggi Shill"},"received":"2020-11-19T21:35:17Z","subject":"Fire on the Mountain","content":"Nunc nisl. Duis bibendum, felis sed interdum venenatis, turpis enim blandit mi, in porttitor pede justo eu massa.","mailbox":"inbox"},
{"id":50,"to":{"email":"user@app.com","name":"App User"},"from":{"email":"omussared1d@nba.com","name":"Orly Mussared"},"received":"2021-06-07T16:51:18Z","subject":"Don't Be Afraid of the Dark","content":"Praesent blandit lacinia erat. Vestibulum sed magna at nunc commodo placerat. Praesent blandit. Nam nulla. Integer pede justo, lacinia eget, tincidunt eget, tempus vel, pede. Morbi porttitor lorem id ligula. Suspendisse ornare consequat lectus. In est risus, auctor sed, tristique in, tempus sit amet, sem.","mailbox":"inbox"},
{"id":51,"to":{"email":"user@app.com","name":"App User"},"from":{"email":"osuche1e@statcounter.com","name":"Ozzy Suche"},"received":"2021-07-12T13:49:00Z","subject":"Do the Right Thing","content":"Morbi ut odio. Cras mi pede, malesuada in, imperdiet et, commodo vulputate, justo. In blandit ultrices enim. Lorem ipsum dolor sit amet, consectetuer adipiscing elit. Proin interdum mauris non ligula pellentesque ultrices. Phasellus id sapien in sapien iaculis congue.","mailbox":"inbox"},
{"id":52,"to":{"email":"user@app.com","name":"App User"},"from":{"email":"adaniellot1f@eventbrite.com","name":"Aleksandr Daniellot"},"received":"2021-01-28T04:33:37Z","subject":"Map For Saturday, A","content":"Suspendisse potenti. In eleifend quam a odio. In hac habitasse platea dictumst.","mailbox":"inbox"},
{"id":53,"to":{"email":"user@app.com","name":"App User"},"from":{"email":"cgerrietz1g@senate.gov","name":"Chuck Gerrietz"},"received":"2021-03-06T13:26:47Z","subject":"Little Lord Fauntleroy","content":"Sed ante. Vivamus tortor.","mailbox":"inbox"},
{"id":54,"to":{"email":"user@app.com","name":"App User"},"from":{"email":"jmaybery1h@over-blog.com","name":"Jarrid Maybery"},"received":"2021-06-07T11:08:59Z","subject":"Prairie Home Companion, A","content":"Mauris lacinia sapien quis libero. Nullam sit amet turpis elementum ligula vehicula consequat.","mailbox":"inbox"},
{"id":55,"to":{"email":"user@app.com","name":"App User"},"from":{"email":"pierland1i@youtube.com","name":"Pietra Ierland"},"received":"2021-05-28T05:18:47Z","subject":"Old Joy","content":"Nam dui. Proin leo odio, porttitor id, consequat in, consequat ut, nulla. Sed accumsan felis. Ut at dolor quis odio consequat varius. Integer ac leo. Pellentesque ultrices mattis odio. Donec vitae nisi. Nam ultrices, libero non mattis pulvinar, nulla pede ullamcorper augue, a suscipit nulla elit ac nulla. Sed vel enim sit amet nunc viverra dapibus. Nulla suscipit ligula in lacus.","mailbox":"trash"},
{"id":56,"to":{"email":"user@app.com","name":"App User"},"from":{"email":"fcovey1j@free.fr","name":"Farlay Covey"},"received":"2021-02-11T12:57:20Z","subject":"Dadetown","content":"Maecenas pulvinar lobortis est. Phasellus sit amet erat. Nulla tempus. Vivamus in felis eu sapien cursus vestibulum. Proin eu mi. Nulla ac enim.","mailbox":"trash"},
{"id":57,"to":{"email":"user@app.com","name":"App User"},"from":{"email":"hmelton1k@rakuten.co.jp","name":"Howard Melton"},"received":"2021-05-24T14:28:54Z","subject":"Illustrated Man, The","content":"Cum sociis natoque penatibus et magnis dis parturient montes, nascetur ridiculus mus. Vivamus vestibulum sagittis sapien. Cum sociis natoque penatibus et magnis dis parturient montes, nascetur ridiculus mus. Etiam vel augue. Vestibulum rutrum rutrum neque. Aenean auctor gravida sem. Praesent id massa id nisl venenatis lacinia. Aenean sit amet justo. Morbi ut odio. Cras mi pede, malesuada in, imperdiet et, commodo vulputate, justo.","mailbox":"inbox"},
{"id":58,"to":{"email":"user@app.com","name":"App User"},"from":{"email":"apedrocchi1l@umn.edu","name":"Anestassia Pedrocchi"},"received":"2021-05-03T21:54:58Z","subject":"Compulsion","content":"Nunc nisl. Duis bibendum, felis sed interdum venenatis, turpis enim blandit mi, in porttitor pede justo eu massa. Donec dapibus.","mailbox":"inbox"},
{"id":59,"to":{"email":"user@app.com","name":"App User"},"from":{"email":"cwarrick1m@last.fm","name":"Carlene Warrick"},"received":"2021-03-05T01:23:47Z","subject":"Vantage Point","content":"Morbi vestibulum, velit id pretium iaculis, diam erat fermentum justo, nec condimentum neque sapien placerat ante. Nulla justo. Aliquam quis turpis eget elit sodales scelerisque.","mailbox":"trash"},
{"id":60,"to":{"email":"user@app.com","name":"App User"},"from":{"email":"lmewhirter1n@nyu.edu","name":"Lyman Mewhirter"},"received":"2021-10-24T17:41:28Z","subject":"Edge of the City","content":"Fusce consequat. Nulla nisl. Nunc nisl. Duis bibendum, felis sed interdum venenatis, turpis enim blandit mi, in porttitor pede justo eu massa. Donec dapibus. Duis at velit eu est congue elementum. In hac habitasse platea dictumst. Morbi vestibulum, velit id pretium iaculis, diam erat fermentum justo, nec condimentum neque sapien placerat ante. Nulla justo. Aliquam quis turpis eget elit sodales scelerisque.","mailbox":"inbox"},
{"id":61,"to":{"email":"user@app.com","name":"App User"},"from":{"email":"cmurrie1o@sogou.com","name":"Cati Murrie"},"received":"2021-09-05T14:07:39Z","subject":"Aliens","content":"Cras in purus eu magna vulputate luctus. Cum sociis natoque penatibus et magnis dis parturient montes, nascetur ridiculus mus. Vivamus vestibulum sagittis sapien.","mailbox":"inbox"},
{"id":62,"to":{"email":"user@app.com","name":"App User"},"from":{"email":"leouzan1p@mozilla.com","name":"Liva Eouzan"},"received":"2021-03-20T19:07:05Z","subject":"In Eagle Shadow Fist (Ding tian li di) (Fist of Anger)","content":"Morbi a ipsum. Integer a nibh. In quis justo. Maecenas rhoncus aliquam lacus. Morbi quis tortor id nulla ultrices aliquet. Maecenas leo odio, condimentum id, luctus nec, molestie sed, justo. Pellentesque viverra pede ac diam.","mailbox":"trash"},
{"id":63,"to":{"email":"user@app.com","name":"App User"},"from":{"email":"nhendriks1q@alexa.com","name":"Nickey Hendriks"},"received":"2020-11-22T17:00:36Z","subject":"Fast Life","content":"Proin interdum mauris non ligula pellentesque ultrices. Phasellus id sapien in sapien iaculis congue.","mailbox":"trash"},
{"id":64,"to":{"email":"user@app.com","name":"App User"},"from":{"email":"jgages1r@usgs.gov","name":"Jillane Gages"},"received":"2021-07-16T21:57:10Z","subject":"Laramie Project, The","content":"Vivamus vel nulla eget eros elementum pellentesque. Quisque porta volutpat erat. Quisque erat eros, viverra eget, congue eget, semper rutrum, nulla. Nunc purus. Phasellus in felis. Donec semper sapien a libero.","mailbox":"inbox"},
{"id":65,"to":{"email":"user@app.com","name":"App User"},"from":{"email":"wchattaway1s@webeden.co.uk","name":"Wendye Chattaway"},"received":"2021-10-04T09:49:35Z","subject":"Mating Habits of the Earthbound Human, The","content":"Aenean lectus. Pellentesque eget nunc. Donec quis orci eget orci vehicula condimentum. Curabitur in libero ut massa volutpat convallis. Morbi odio odio, elementum eu, interdum eu, tincidunt in, leo. Maecenas pulvinar lobortis est. Phasellus sit amet erat. Nulla tempus.","mailbox":"trash"},
{"id":66,"to":{"email":"user@app.com","name":"App User"},"from":{"email":"bbarlass1t@indiatimes.com","name":"Bunnie Barlass"},"received":"2021-01-03T05:18:45Z","subject":"Usual Suspects, The","content":"Proin leo odio, porttitor id, consequat in, consequat ut, nulla. Sed accumsan felis. Ut at dolor quis odio consequat varius.","mailbox":"inbox"},
{"id":67,"to":{"email":"user@app.com","name":"App User"},"from":{"email":"scamier1u@qq.com","name":"Shina Camier"},"received":"2021-07-15T12:42:15Z","subject":"Krush Groove","content":"Proin eu mi.","mailbox":"trash"},
{"id":68,"to":{"email":"user@app.com","name":"App User"},"from":{"email":"kloins1v@dailymotion.com","name":"Kale Loins"},"received":"2020-10-28T06:46:03Z","subject":"In the City (En la ciudad)","content":"Duis consequat dui nec nisi volutpat eleifend. Donec ut dolor. Morbi vel lectus in quam fringilla rhoncus. Mauris enim leo, rhoncus sed, vestibulum sit amet, cursus id, turpis.","mailbox":"inbox"},
{"id":69,"to":{"email":"user@app.com","name":"App User"},"from":{"email":"vchipp1w@ustream.tv","name":"Vivianne Chipp"},"received":"2021-06-12T23:30:55Z","subject":"Force of Execution","content":"In est risus, auctor sed, tristique in, tempus sit amet, sem. Fusce consequat. Nulla nisl. Nunc nisl. Duis bibendum, felis sed interdum venenatis, turpis enim blandit mi, in porttitor pede justo eu massa. Donec dapibus. Duis at velit eu est congue elementum. In hac habitasse platea dictumst. Morbi vestibulum, velit id pretium iaculis, diam erat fermentum justo, nec condimentum neque sapien placerat ante. Nulla justo.","mailbox":"trash"},
{"id":70,"to":{"email":"user@app.com","name":"App User"},"from":{"email":"ngammack1x@diigo.com","name":"Nicolina Gammack"},"received":"2020-11-04T01:18:03Z","subject":"Pat Garrett and Billy the Kid","content":"Morbi ut odio. Cras mi pede, malesuada in, imperdiet et, commodo vulputate, justo. In blandit ultrices enim. Lorem ipsum dolor sit amet, consectetuer adipiscing elit.","mailbox":"trash"},
{"id":71,"to":{"email":"user@app.com","name":"App User"},"from":{"email":"dwainman1y@msu.edu","name":"Dalt Wainman"},"received":"2021-05-22T23:04:30Z","subject":"Cook the Thief His Wife & Her Lover, The","content":"Morbi sem mauris, laoreet ut, rhoncus aliquet, pulvinar sed, nisl. Nunc rhoncus dui vel sem. Sed sagittis. Nam congue, risus semper porta volutpat, quam pede lobortis ligula, sit amet eleifend pede libero quis orci. Nullam molestie nibh in lectus. Pellentesque at nulla. Suspendisse potenti. Cras in purus eu magna vulputate luctus. Cum sociis natoque penatibus et magnis dis parturient montes, nascetur ridiculus mus.","mailbox":"inbox"},
{"id":72,"to":{"email":"user@app.com","name":"App User"},"from":{"email":"khalvorsen1z@bloglovin.com","name":"Kerrie Halvorsen"},"received":"2021-09-21T20:01:59Z","subject":"The Man from Acapulco","content":"Maecenas pulvinar lobortis est. Phasellus sit amet erat. Nulla tempus. Vivamus in felis eu sapien cursus vestibulum. Proin eu mi. Nulla ac enim.","mailbox":"inbox"},
{"id":73,"to":{"email":"user@app.com","name":"App User"},"from":{"email":"dchill20@sbwire.com","name":"Dotti Chill"},"received":"2021-03-08T17:25:41Z","subject":"Beyond Enemy Lines (Framom främsta linjen)","content":"Pellentesque viverra pede ac diam.","mailbox":"inbox"},
{"id":74,"to":{"email":"user@app.com","name":"App User"},"from":{"email":"clawleff21@aol.com","name":"Courtnay Lawleff"},"received":"2021-09-19T03:54:24Z","subject":"Wrestling (Bræðrabylta)","content":"Aliquam quis turpis eget elit sodales scelerisque. Mauris sit amet eros. Suspendisse accumsan tortor quis turpis. Sed ante. Vivamus tortor. Duis mattis egestas metus.","mailbox":"inbox"},
{"id":75,"to":{"email":"user@app.com","name":"App User"},"from":{"email":"bdavaux22@arstechnica.com","name":"Boonie D'Avaux"},"received":"2021-09-03T16:25:38Z","subject":"Devils, The","content":"Vestibulum sed magna at nunc commodo placerat. Praesent blandit. Nam nulla. Integer pede justo, lacinia eget, tincidunt eget, tempus vel, pede. Morbi porttitor lorem id ligula. Suspendisse ornare consequat lectus. In est risus, auctor sed, tristique in, tempus sit amet, sem. Fusce consequat. Nulla nisl. Nunc nisl.","mailbox":"trash"},
{"id":76,"to":{"email":"user@app.com","name":"App User"},"from":{"email":"gfrigout23@sciencedaily.com","name":"Giffie Frigout"},"received":"2021-06-16T04:55:57Z","subject":"Devil's Rock, The","content":"In hac habitasse platea dictumst. Etiam faucibus cursus urna. Ut tellus. Nulla ut erat id mauris vulputate elementum.","mailbox":"trash"},
{"id":77,"to":{"email":"user@app.com","name":"App User"},"from":{"email":"cgennerich24@discovery.com","name":"Callie Gennerich"},"received":"2021-08-22T21:42:34Z","subject":"Greaser's Palace","content":"Integer tincidunt ante vel ipsum. Praesent blandit lacinia erat. Vestibulum sed magna at nunc commodo placerat.","mailbox":"inbox"},
{"id":78,"to":{"email":"user@app.com","name":"App User"},"from":{"email":"bcashin25@elpais.com","name":"Banky Cashin"},"received":"2021-05-01T01:25:26Z","subject":"Mon Paradis - Der Winterpalast","content":"Sed vel enim sit amet nunc viverra dapibus. Nulla suscipit ligula in lacus. Curabitur at ipsum ac tellus semper interdum.","mailbox":"trash"},
{"id":79,"to":{"email":"user@app.com","name":"App User"},"from":{"email":"cbester26@un.org","name":"Camila Bester"},"received":"2021-07-19T11:37:23Z","subject":"American Graffiti","content":"Cum sociis natoque penatibus et magnis dis parturient montes, nascetur ridiculus mus. Etiam vel augue. Vestibulum rutrum rutrum neque. Aenean auctor gravida sem. Praesent id massa id nisl venenatis lacinia. Aenean sit amet justo.","mailbox":"inbox"},
{"id":80,"to":{"email":"user@app.com","name":"App User"},"from":{"email":"bde27@abc.net.au","name":"Brittani De Zuani"},"received":"2021-05-09T08:50:58Z","subject":"Silence Before Bach, The (Die Stille vor Bach) ","content":"Pellentesque eget nunc. Donec quis orci eget orci vehicula condimentum. Curabitur in libero ut massa volutpat convallis. Morbi odio odio, elementum eu, interdum eu, tincidunt in, leo. Maecenas pulvinar lobortis est. Phasellus sit amet erat. Nulla tempus. Vivamus in felis eu sapien cursus vestibulum.","mailbox":"inbox"},
{"id":81,"to":{"email":"user@app.com","name":"App User"},"from":{"email":"tstanes28@sogou.com","name":"Tull Stanes"},"received":"2021-04-16T19:02:39Z","subject":"L-Shaped Room, The","content":"In blandit ultrices enim.","mailbox":"trash"},
{"id":82,"to":{"email":"user@app.com","name":"App User"},"from":{"email":"lchainey29@wordpress.com","name":"Loren Chainey"},"received":"2021-10-09T02:39:51Z","subject":"Green Fish (Chorok mulkogi)","content":"Vivamus in felis eu sapien cursus vestibulum. Proin eu mi. Nulla ac enim.","mailbox":"inbox"},
{"id":83,"to":{"email":"user@app.com","name":"App User"},"from":{"email":"aspeere2a@wikimedia.org","name":"Adelice Speere"},"received":"2021-04-15T23:10:59Z","subject":"Dust","content":"In est risus, auctor sed, tristique in, tempus sit amet, sem. Fusce consequat. Nulla nisl. Nunc nisl. Duis bibendum, felis sed interdum venenatis, turpis enim blandit mi, in porttitor pede justo eu massa. Donec dapibus. Duis at velit eu est congue elementum.","mailbox":"inbox"},
{"id":84,"to":{"email":"user@app.com","name":"App User"},"from":{"email":"aarni2b@marriott.com","name":"Alia Arni"},"received":"2021-07-01T02:18:45Z","subject":"Guadalcanal Diary","content":"Nulla ac enim. In tempor, turpis nec euismod scelerisque, quam turpis adipiscing lorem, vitae mattis nibh ligula nec sem. Duis aliquam convallis nunc. Proin at turpis a pede posuere nonummy. Integer non velit. Donec diam neque, vestibulum eget, vulputate ut, ultrices vel, augue. Vestibulum ante ipsum primis in faucibus orci luctus et ultrices posuere cubilia Curae; Donec pharetra, magna vestibulum aliquet ultrices, erat tortor sollicitudin mi, sit amet lobortis sapien sapien non mi.","mailbox":"trash"},
{"id":85,"to":{"email":"user@app.com","name":"App User"},"from":{"email":"lhollyard2c@thetimes.co.uk","name":"Lisbeth Hollyard"},"received":"2021-08-07T13:02:27Z","subject":"Married Life","content":"Nulla ac enim. In tempor, turpis nec euismod scelerisque, quam turpis adipiscing lorem, vitae mattis nibh ligula nec sem. Duis aliquam convallis nunc. Proin at turpis a pede posuere nonummy. Integer non velit.","mailbox":"inbox"},
{"id":86,"to":{"email":"user@app.com","name":"App User"},"from":{"email":"bmottley2d@liveinternet.ru","name":"Betsey Mottley"},"received":"2021-07-11T23:08:47Z","subject":"Land of Happines (Onnen maa)","content":"Donec quis orci eget orci vehicula condimentum. Curabitur in libero ut massa volutpat convallis.","mailbox":"inbox"},
{"id":87,"to":{"email":"user@app.com","name":"App User"},"from":{"email":"mdupree2e@comcast.net","name":"Marcos Dupree"},"received":"2021-02-24T05:29:38Z","subject":"The Thirteen Assassins","content":"Maecenas tristique, est et tempus semper, est quam pharetra magna, ac consequat metus sapien ut nunc. Vestibulum ante ipsum primis in faucibus orci luctus et ultrices posuere cubilia Curae; Mauris viverra diam vitae quam. Suspendisse potenti.","mailbox":"trash"},
{"id":88,"to":{"email":"user@app.com","name":"App User"},"from":{"email":"rvalenta2f@delicious.com","name":"Rebeca Valenta"},"received":"2021-08-08T16:07:43Z","subject":"Toy Story 3","content":"Proin interdum mauris non ligula pellentesque ultrices. Phasellus id sapien in sapien iaculis congue.","mailbox":"trash"},
{"id":89,"to":{"email":"user@app.com","name":"App User"},"from":{"email":"asharma2g@miitbeian.gov.cn","name":"Allene Sharma"},"received":"2021-03-06T10:08:53Z","subject":"Charlie Chan in Rio","content":"Aliquam sit amet diam in magna bibendum imperdiet. Nullam orci pede, venenatis non, sodales sed, tincidunt eu, felis. Fusce posuere felis sed lacus. Morbi sem mauris, laoreet ut, rhoncus aliquet, pulvinar sed, nisl. Nunc rhoncus dui vel sem. Sed sagittis. Nam congue, risus semper porta volutpat, quam pede lobortis ligula, sit amet eleifend pede libero quis orci. Nullam molestie nibh in lectus. Pellentesque at nulla.","mailbox":"trash"},
{"id":90,"to":{"email":"user@app.com","name":"App User"},"from":{"email":"jmyhill2h@paginegialle.it","name":"Jo Myhill"},"received":"2021-02-18T23:11:46Z","subject":"Wedding Banquet, The (Xi yan)","content":"Morbi ut odio.","mailbox":"trash"},
{"id":91,"to":{"email":"user@app.com","name":"App User"},"from":{"email":"rsmelley2i@dailymotion.com","name":"Reinaldo Smelley"},"received":"2021-09-29T18:14:37Z","subject":"Sanshiro Sugata Part Two (Judo Saga II) (Zoku Sugata Sanshirô)","content":"Suspendisse potenti. Cras in purus eu magna vulputate luctus. Cum sociis natoque penatibus et magnis dis parturient montes, nascetur ridiculus mus.","mailbox":"inbox"},
{"id":92,"to":{"email":"user@app.com","name":"App User"},"from":{"email":"tbendley2j@barnesandnoble.com","name":"Torrey Bendley"},"received":"2021-04-02T15:24:53Z","subject":"Livid (Livide)","content":"Ut at dolor quis odio consequat varius. Integer ac leo. Pellentesque ultrices mattis odio. Donec vitae nisi. Nam ultrices, libero non mattis pulvinar, nulla pede ullamcorper augue, a suscipit nulla elit ac nulla. Sed vel enim sit amet nunc viverra dapibus. Nulla suscipit ligula in lacus. Curabitur at ipsum ac tellus semper interdum. Mauris ullamcorper purus sit amet nulla. Quisque arcu libero, rutrum ac, lobortis vel, dapibus at, diam.","mailbox":"inbox"},
{"id":93,"to":{"email":"user@app.com","name":"App User"},"from":{"email":"jjordine2k@upenn.edu","name":"Judon Jordine"},"received":"2021-04-30T02:54:14Z","subject":"Children of Leningradsky, The","content":"Integer aliquet, massa id lobortis convallis, tortor risus dapibus augue, vel accumsan tellus nisi eu orci. Mauris lacinia sapien quis libero. Nullam sit amet turpis elementum ligula vehicula consequat. Morbi a ipsum. Integer a nibh. In quis justo. Maecenas rhoncus aliquam lacus. Morbi quis tortor id nulla ultrices aliquet.","mailbox":"trash"},
{"id":94,"to":{"email":"user@app.com","name":"App User"},"from":{"email":"tfrogley2l@yolasite.com","name":"Trudy Frogley"},"received":"2021-09-03T09:36:45Z","subject":"Perfect Sense","content":"Quisque ut erat. Curabitur gravida nisi at nibh. In hac habitasse platea dictumst. Aliquam augue quam, sollicitudin vitae, consectetuer eget, rutrum at, lorem. Integer tincidunt ante vel ipsum. Praesent blandit lacinia erat. Vestibulum sed magna at nunc commodo placerat. Praesent blandit.","mailbox":"inbox"},
{"id":95,"to":{"email":"user@app.com","name":"App User"},"from":{"email":"dcullinan2m@sohu.com","name":"Darryl Cullinan"},"received":"2021-04-01T18:39:33Z","subject":"Contraband","content":"Donec posuere metus vitae ipsum. Aliquam non mauris. Morbi non lectus. Aliquam sit amet diam in magna bibendum imperdiet. Nullam orci pede, venenatis non, sodales sed, tincidunt eu, felis. Fusce posuere felis sed lacus. Morbi sem mauris, laoreet ut, rhoncus aliquet, pulvinar sed, nisl.","mailbox":"trash"},
{"id":96,"to":{"email":"user@app.com","name":"App User"},"from":{"email":"apymm2n@globo.com","name":"Alon Pymm"},"received":"2021-05-19T08:13:22Z","subject":"Hour of the Pig, The","content":"Duis consequat dui nec nisi volutpat eleifend. Donec ut dolor. Morbi vel lectus in quam fringilla rhoncus. Mauris enim leo, rhoncus sed, vestibulum sit amet, cursus id, turpis. Integer aliquet, massa id lobortis convallis, tortor risus dapibus augue, vel accumsan tellus nisi eu orci. Mauris lacinia sapien quis libero. Nullam sit amet turpis elementum ligula vehicula consequat. Morbi a ipsum.","mailbox":"inbox"},
{"id":97,"to":{"email":"user@app.com","name":"App User"},"from":{"email":"neskrick2o@npr.org","name":"Normie Eskrick"},"received":"2021-03-13T09:20:33Z","subject":"Milky Way, The (Voie lactée, La)","content":"Proin eu mi. Nulla ac enim. In tempor, turpis nec euismod scelerisque, quam turpis adipiscing lorem, vitae mattis nibh ligula nec sem. Duis aliquam convallis nunc. Proin at turpis a pede posuere nonummy. Integer non velit.","mailbox":"inbox"},
{"id":98,"to":{"email":"user@app.com","name":"App User"},"from":{"email":"bmalecky2p@wp.com","name":"Bord Malecky"},"received":"2021-08-24T01:15:34Z","subject":"Wasabi","content":"Aliquam augue quam, sollicitudin vitae, consectetuer eget, rutrum at, lorem. Integer tincidunt ante vel ipsum. Praesent blandit lacinia erat. Vestibulum sed magna at nunc commodo placerat. Praesent blandit.","mailbox":"trash"},
{"id":99,"to":{"email":"user@app.com","name":"App User"},"from":{"email":"ajelkes2q@paypal.com","name":"Adair Jelkes"},"received":"2021-02-05T16:03:24Z","subject":"Muppet Movie, The","content":"Vestibulum ante ipsum primis in faucibus orci luctus et ultrices posuere cubilia Curae; Donec pharetra, magna vestibulum aliquet ultrices, erat tortor sollicitudin mi, sit amet lobortis sapien sapien non mi. Integer ac neque. Duis bibendum. Morbi non quam nec dui luctus rutrum. Nulla tellus.","mailbox":"trash"},
{"id":100,"to":{"email":"user@app.com","name":"App User"},"from":{"email":"kodoireidh2r@springer.com","name":"Kimberli O'Doireidh"},"received":"2021-02-11T00:53:51Z","subject":"Floating","content":"Fusce posuere felis sed lacus.","mailbox":"trash"},
{"id":101,"to":{"email":"user@app.com","name":"App User"},"from":{"email":"ryaxley2s@indiegogo.com","name":"Rubetta Yaxley"},"received":"2021-09-13T13:36:46Z","subject":"Destiny Turns on the Radio","content":"Phasellus sit amet erat.","mailbox":"inbox"},
{"id":102,"to":{"email":"user@app.com","name":"App User"},"from":{"email":"dmoar2t@de.vu","name":"Diann Moar"},"received":"2021-04-12T19:00:31Z","subject":"Fun is Beautiful","content":"Praesent id massa id nisl venenatis lacinia. Aenean sit amet justo. Morbi ut odio. Cras mi pede, malesuada in, imperdiet et, commodo vulputate, justo. In blandit ultrices enim. Lorem ipsum dolor sit amet, consectetuer adipiscing elit. Proin interdum mauris non ligula pellentesque ultrices. Phasellus id sapien in sapien iaculis congue. Vivamus metus arcu, adipiscing molestie, hendrerit at, vulputate vitae, nisl. Aenean lectus.","mailbox":"inbox"},
{"id":103,"to":{"email":"user@app.com","name":"App User"},"from":{"email":"lellerby2u@apache.org","name":"Libby Ellerby"},"received":"2021-01-05T01:08:02Z","subject":"A Walk in the Old City of Warsaw","content":"Morbi non quam nec dui luctus rutrum. Nulla tellus. In sagittis dui vel nisl. Duis ac nibh. Fusce lacus purus, aliquet at, feugiat non, pretium quis, lectus. Suspendisse potenti. In eleifend quam a odio. In hac habitasse platea dictumst. Maecenas ut massa quis augue luctus tincidunt.","mailbox":"trash"},
{"id":104,"to":{"email":"user@app.com","name":"App User"},"from":{"email":"agaye2v@kickstarter.com","name":"Angelita Gaye"},"received":"2021-09-03T08:17:15Z","subject":"The Devil and the Holy Water","content":"Cras mi pede, malesuada in, imperdiet et, commodo vulputate, justo. In blandit ultrices enim. Lorem ipsum dolor sit amet, consectetuer adipiscing elit. Proin interdum mauris non ligula pellentesque ultrices. Phasellus id sapien in sapien iaculis congue. Vivamus metus arcu, adipiscing molestie, hendrerit at, vulputate vitae, nisl. Aenean lectus. Pellentesque eget nunc. Donec quis orci eget orci vehicula condimentum.","mailbox":"trash"},
{"id":105,"to":{"email":"user@app.com","name":"App User"},"from":{"email":"mlankford2w@4shared.com","name":"Maryrose Lankford"},"received":"2021-10-13T00:06:15Z","subject":"Mosquito Net, The (La mosquitera)","content":"Fusce congue, diam id ornare imperdiet, sapien urna pretium nisl, ut volutpat sapien arcu sed augue. Aliquam erat volutpat. In congue. Etiam justo.","mailbox":"trash"},
{"id":106,"to":{"email":"user@app.com","name":"App User"},"from":{"email":"vbadsworth2x@hatena.ne.jp","name":"Vince Badsworth"},"received":"2021-01-30T22:02:02Z","subject":"The Land Before Time VII: The Stone of Cold Fire","content":"Pellentesque ultrices mattis odio. Donec vitae nisi.","mailbox":"inbox"},
{"id":107,"to":{"email":"user@app.com","name":"App User"},"from":{"email":"sewin2y@pagesperso-orange.fr","name":"Sybilla Ewin"},"received":"2021-02-20T06:51:33Z","subject":"American Bandits: Frank and Jesse James","content":"Aenean auctor gravida sem. Praesent id massa id nisl venenatis lacinia. Aenean sit amet justo.","mailbox":"inbox"},
{"id":108,"to":{"email":"user@app.com","name":"App User"},"from":{"email":"clobley2z@newyorker.com","name":"Colet Lobley"},"received":"2021-06-04T17:25:17Z","subject":"Lost Missile, The","content":"Vestibulum ante ipsum primis in faucibus orci luctus et ultrices posuere cubilia Curae; Duis faucibus accumsan odio. Curabitur convallis. Duis consequat dui nec nisi volutpat eleifend. Donec ut dolor. Morbi vel lectus in quam fringilla rhoncus.","mailbox":"trash"},
{"id":109,"to":{"email":"user@app.com","name":"App User"},"from":{"email":"hhartegan30@ifeng.com","name":"Henderson Hartegan"},"received":"2021-08-08T11:30:28Z","subject":"Santa Clause 3: The Escape Clause, The","content":"Vivamus in felis eu sapien cursus vestibulum.","mailbox":"trash"},
{"id":110,"to":{"email":"user@app.com","name":"App User"},"from":{"email":"cstranks31@reference.com","name":"Chick Stranks"},"received":"2021-08-06T06:15:58Z","subject":"Mars Attacks!","content":"Nunc nisl. Duis bibendum, felis sed interdum venenatis, turpis enim blandit mi, in porttitor pede justo eu massa. Donec dapibus. Duis at velit eu est congue elementum. In hac habitasse platea dictumst. Morbi vestibulum, velit id pretium iaculis, diam erat fermentum justo, nec condimentum neque sapien placerat ante.","mailbox":"trash"},
{"id":111,"to":{"email":"user@app.com","name":"App User"},"from":{"email":"pcapun32@goo.gl","name":"Penelope Capun"},"received":"2021-10-07T18:09:07Z","subject":"Host, The (Gwoemul)","content":"Cras pellentesque volutpat dui. Maecenas tristique, est et tempus semper, est quam pharetra magna, ac consequat metus sapien ut nunc. Vestibulum ante ipsum primis in faucibus orci luctus et ultrices posuere cubilia Curae; Mauris viverra diam vitae quam. Suspendisse potenti. Nullam porttitor lacus at turpis. Donec posuere metus vitae ipsum. Aliquam non mauris.","mailbox":"inbox"},
{"id":112,"to":{"email":"user@app.com","name":"App User"},"from":{"email":"llimpkin33@google.fr","name":"Lester Limpkin"},"received":"2021-04-25T13:19:18Z","subject":"L.A. Confidential","content":"In hac habitasse platea dictumst. Aliquam augue quam, sollicitudin vitae, consectetuer eget, rutrum at, lorem. Integer tincidunt ante vel ipsum. Praesent blandit lacinia erat. Vestibulum sed magna at nunc commodo placerat. Praesent blandit. Nam nulla. Integer pede justo, lacinia eget, tincidunt eget, tempus vel, pede.","mailbox":"inbox"},
{"id":113,"to":{"email":"user@app.com","name":"App User"},"from":{"email":"aizzatt34@icq.com","name":"Annora Izzatt"},"received":"2021-04-16T15:25:03Z","subject":"Linotype: The Film","content":"In hac habitasse platea dictumst. Etiam faucibus cursus urna. Ut tellus. Nulla ut erat id mauris vulputate elementum. Nullam varius. Nulla facilisi.","mailbox":"inbox"},
{"id":114,"to":{"email":"user@app.com","name":"App User"},"from":{"email":"tferrieres35@harvard.edu","name":"Tildi Ferrieres"},"received":"2021-03-01T10:11:50Z","subject":"Robin Hood: Prince of Thieves","content":"Maecenas leo odio, condimentum id, luctus nec, molestie sed, justo. Pellentesque viverra pede ac diam. Cras pellentesque volutpat dui. Maecenas tristique, est et tempus semper, est quam pharetra magna, ac consequat metus sapien ut nunc. Vestibulum ante ipsum primis in faucibus orci luctus et ultrices posuere cubilia Curae; Mauris viverra diam vitae quam. Suspendisse potenti. Nullam porttitor lacus at turpis. Donec posuere metus vitae ipsum.","mailbox":"inbox"},
{"id":115,"to":{"email":"user@app.com","name":"App User"},"from":{"email":"afilipputti36@stanford.edu","name":"Alaric Filipputti"},"received":"2020-11-07T23:45:50Z","subject":"6954 Kilometriä Kotiin","content":"Nulla mollis molestie lorem. Quisque ut erat. Curabitur gravida nisi at nibh. In hac habitasse platea dictumst. Aliquam augue quam, sollicitudin vitae, consectetuer eget, rutrum at, lorem. Integer tincidunt ante vel ipsum. Praesent blandit lacinia erat. Vestibulum sed magna at nunc commodo placerat. Praesent blandit.","mailbox":"trash"},
{"id":116,"to":{"email":"user@app.com","name":"App User"},"from":{"email":"bdeek37@unc.edu","name":"Beau Deek"},"received":"2020-11-18T11:03:32Z","subject":"Shogun's Ninja (Ninja bugeicho momochi sandayu)","content":"Cras non velit nec nisi vulputate nonummy. Maecenas tincidunt lacus at velit. Vivamus vel nulla eget eros elementum pellentesque. Quisque porta volutpat erat. Quisque erat eros, viverra eget, congue eget, semper rutrum, nulla. Nunc purus.","mailbox":"trash"},
{"id":117,"to":{"email":"user@app.com","name":"App User"},"from":{"email":"lwhitland38@usa.gov","name":"Levon Whitland"},"received":"2021-03-22T20:12:38Z","subject":"Faces of Schlock","content":"Cras pellentesque volutpat dui. Maecenas tristique, est et tempus semper, est quam pharetra magna, ac consequat metus sapien ut nunc. Vestibulum ante ipsum primis in faucibus orci luctus et ultrices posuere cubilia Curae; Mauris viverra diam vitae quam. Suspendisse potenti. Nullam porttitor lacus at turpis. Donec posuere metus vitae ipsum. Aliquam non mauris. Morbi non lectus. Aliquam sit amet diam in magna bibendum imperdiet.","mailbox":"inbox"},
{"id":118,"to":{"email":"user@app.com","name":"App User"},"from":{"email":"lalbertson39@japanpost.jp","name":"Laurice Albertson"},"received":"2021-07-28T23:54:31Z","subject":"Ju-on: The Grudge 2","content":"In sagittis dui vel nisl.","mailbox":"trash"},
{"id":119,"to":{"email":"user@app.com","name":"App User"},"from":{"email":"tdelcastel3a@google.nl","name":"Tam Delcastel"},"received":"2021-07-18T14:09:52Z","subject":"In Football We Trust","content":"Nam congue, risus semper porta volutpat, quam pede lobortis ligula, sit amet eleifend pede libero quis orci. Nullam molestie nibh in lectus. Pellentesque at nulla. Suspendisse potenti. Cras in purus eu magna vulputate luctus. Cum sociis natoque penatibus et magnis dis parturient montes, nascetur ridiculus mus. Vivamus vestibulum sagittis sapien. Cum sociis natoque penatibus et magnis dis parturient montes, nascetur ridiculus mus. Etiam vel augue. Vestibulum rutrum rutrum neque.","mailbox":"inbox"},
{"id":120,"to":{"email":"user@app.com","name":"App User"},"from":{"email":"mmatignon3b@latimes.com","name":"Michell Matignon"},"received":"2021-06-11T19:20:59Z","subject":"Shakes the Clown","content":"Proin eu mi. Nulla ac enim. In tempor, turpis nec euismod scelerisque, quam turpis adipiscing lorem, vitae mattis nibh ligula nec sem. Duis aliquam convallis nunc. Proin at turpis a pede posuere nonummy. Integer non velit.","mailbox":"trash"},
{"id":121,"to":{"email":"user@app.com","name":"App User"},"from":{"email":"mbatecok3c@nih.gov","name":"Mackenzie Batecok"},"received":"2021-03-18T03:30:59Z","subject":"Winning Team, The","content":"Donec odio justo, sollicitudin ut, suscipit a, feugiat et, eros. Vestibulum ac est lacinia nisi venenatis tristique. Fusce congue, diam id ornare imperdiet, sapien urna pretium nisl, ut volutpat sapien arcu sed augue. Aliquam erat volutpat. In congue. Etiam justo.","mailbox":"trash"},
{"id":122,"to":{"email":"user@app.com","name":"App User"},"from":{"email":"tricardet3d@theatlantic.com","name":"Todd Ricardet"},"received":"2021-10-17T04:18:49Z","subject":"Wheelmen","content":"Etiam pretium iaculis justo. In hac habitasse platea dictumst. Etiam faucibus cursus urna. Ut tellus. Nulla ut erat id mauris vulputate elementum. Nullam varius. Nulla facilisi.","mailbox":"inbox"},
{"id":123,"to":{"email":"user@app.com","name":"App User"},"from":{"email":"abrotherhood3e@answers.com","name":"Arliene Brotherhood"},"received":"2020-12-18T09:26:42Z","subject":"Machete","content":"Proin risus.","mailbox":"trash"},
{"id":124,"to":{"email":"user@app.com","name":"App User"},"from":{"email":"tsesons3f@zdnet.com","name":"Tory Sesons"},"received":"2021-05-12T06:00:26Z","subject":"As You Like It","content":"Donec vitae nisi. Nam ultrices, libero non mattis pulvinar, nulla pede ullamcorper augue, a suscipit nulla elit ac nulla. Sed vel enim sit amet nunc viverra dapibus. Nulla suscipit ligula in lacus. Curabitur at ipsum ac tellus semper interdum. Mauris ullamcorper purus sit amet nulla.","mailbox":"trash"},
{"id":125,"to":{"email":"user@app.com","name":"App User"},"from":{"email":"bshepton3g@mediafire.com","name":"Bel Shepton"},"received":"2021-05-14T13:07:33Z","subject":"Tidal Wave","content":"Vestibulum rutrum rutrum neque. Aenean auctor gravida sem. Praesent id massa id nisl venenatis lacinia. Aenean sit amet justo. Morbi ut odio. Cras mi pede, malesuada in, imperdiet et, commodo vulputate, justo. In blandit ultrices enim. Lorem ipsum dolor sit amet, consectetuer adipiscing elit. Proin interdum mauris non ligula pellentesque ultrices. Phasellus id sapien in sapien iaculis congue.","mailbox":"trash"},
{"id":126,"to":{"email":"user@app.com","name":"App User"},"from":{"email":"dmapstone3h@google.pl","name":"Danny Mapstone"},"received":"2021-06-13T23:11:59Z","subject":"Nun's Story, The","content":"Etiam pretium iaculis justo. In hac habitasse platea dictumst. Etiam faucibus cursus urna. Ut tellus. Nulla ut erat id mauris vulputate elementum.","mailbox":"inbox"},
{"id":127,"to":{"email":"user@app.com","name":"App User"},"from":{"email":"steresia3i@creativecommons.org","name":"Stinky Teresia"},"received":"2021-02-19T21:45:51Z","subject":"Love Sick Love","content":"Integer ac neque. Duis bibendum.","mailbox":"inbox"},
{"id":128,"to":{"email":"user@app.com","name":"App User"},"from":{"email":"mbardey3j@fc2.com","name":"Muriel Bardey"},"received":"2020-11-20T17:34:25Z","subject":"Sense of History, A","content":"Morbi non lectus. Aliquam sit amet diam in magna bibendum imperdiet.","mailbox":"trash"}]